{
	"pattrstorage" : 	{
		"name" : "User_Settings",
		"slots" : 		{
			"1" : 			{
				"id" : 1,
				"data" : 				{
					"testtype" : [ 1 ],
					"stimulinumber" : [ 1 ],
					"label_1" : [ 100 ],
					"trialnumber" : [ 12 ],
					"refswitch" : [ 1 ],
					"highswitch" : [ 0 ],
					"lowswitch" : [ 0 ],
					"refposition" : [ 50 ],
					"highposition" : [ 100 ],
					"lowposition" : [ 0 ],
					"labelfontsize" : [ 12 ],
					"labelwidth" : [ 57 ],
					"labelposition" : [ 199 ],
					"scalelines" : [ 4 ],
					"scalelabels" : [ 4 ],
					"hidescore" : [ 0 ],
					"hidelabels" : [ 0 ],
					"hidelines" : [ 0 ],
					"label_11" : [ 0 ],
					"label_10" : [ "Bad" ],
					"label_9" : [ "Like", "extremely" ],
					"label_8" : [ "Like", "very", "much" ],
					"label_7" : [ "Like", "moderately" ],
					"label_6" : [ 0 ],
					"label_5" : [ 20 ],
					"label_4" : [ 40 ],
					"label_3" : [ 60 ],
					"label_2" : [ 80 ],
					"resolution" : [ 3 ],
					"channelnumber" : [ 1 ],
					"buttonnumber" : [ 0 ],
					"lab1" : [ 0 ],
					"lab2" : [ 0 ],
					"lab3" : [ 0 ],
					"lab4" : [ 0 ],
					"lab5" : [ 0 ],
					"lab6" : [ 0 ],
					"lab7" : [ 1 ],
					"lab8" : [ 1 ],
					"lab9" : [ 1 ],
					"lab10" : [ 1 ],
					"lab11" : [ 1 ],
					"inputtype" : [ 0 ],
					"loopsynchide" : [ 0 ],
					"loop" : [ 0 ],
					"sync" : [ 0 ],
					"mono" : [ 1 ],
					"repeatnumber" : [ 1 ],
					"refscoretype" : [ 0 ],
					"stimulirand" : [ 0 ],
					"trialrand" : [ 0 ],
					"instruct" : [ "Rate the difference between the reference and test sounds." ],
					"instructwidth" : [ 309 ],
					"slidermax" : [ 100.0 ],
					"slidermin" : [ 0.0 ],
					"sliderstart" : [ 50.0 ]
				}

			}
,
			"2" : 			{
				"id" : 2,
				"data" : 				{
					"testtype" : [ 1 ],
					"stimulinumber" : [ 1 ],
					"label_1" : [ 100 ],
					"trialnumber" : [ 12 ],
					"refswitch" : [ 1 ],
					"highswitch" : [ 0 ],
					"lowswitch" : [ 0 ],
					"refposition" : [ 100 ],
					"highposition" : [ 100 ],
					"lowposition" : [ 0 ],
					"labelfontsize" : [ 12 ],
					"labelwidth" : [ 171 ],
					"labelposition" : [ 87 ],
					"scalelines" : [ 9 ],
					"scalelabels" : [ 4 ],
					"hidescore" : [ 0 ],
					"hidelabels" : [ 0 ],
					"hidelines" : [ 0 ],
					"label_11" : [ 0 ],
					"label_10" : [ "Bad" ],
					"label_9" : [ 20 ],
					"label_8" : [ "Poor" ],
					"label_7" : [ 40 ],
					"label_6" : [ "Fair" ],
					"label_5" : [ 60 ],
					"label_4" : [ "Good" ],
					"label_3" : [ 80 ],
					"label_2" : [ "Excellent" ],
					"resolution" : [ 3 ],
					"channelnumber" : [ 1 ],
					"buttonnumber" : [ 0 ],
					"lab1" : [ 0 ],
					"lab2" : [ 0 ],
					"lab3" : [ 0 ],
					"lab4" : [ 0 ],
					"lab5" : [ 0 ],
					"lab6" : [ 0 ],
					"lab7" : [ 0 ],
					"lab8" : [ 0 ],
					"lab9" : [ 0 ],
					"lab10" : [ 0 ],
					"lab11" : [ 0 ],
					"inputtype" : [ 0 ],
					"loopsynchide" : [ 0 ],
					"loop" : [ 1 ],
					"sync" : [ 1 ],
					"mono" : [ 0 ],
					"repeatnumber" : [ 1 ],
					"refscoretype" : [ 0 ],
					"stimulirand" : [ 0 ],
					"trialrand" : [ 0 ],
					"instruct" : [ "Rate the difference between the reference and test sounds." ],
					"instructwidth" : [ 309 ],
					"slidermax" : [ 100.0 ],
					"slidermin" : [ 0.0 ],
					"sliderstart" : [ 100.0 ]
				}

			}
,
			"3" : 			{
				"id" : 3,
				"data" : 				{
					"testtype" : [ 1 ],
					"stimulinumber" : [ 1 ],
					"label_1" : [ "Imperceptible" ],
					"trialnumber" : [ 12 ],
					"refswitch" : [ 1 ],
					"highswitch" : [ 0 ],
					"lowswitch" : [ 0 ],
					"refposition" : [ 100 ],
					"highposition" : [ 100 ],
					"lowposition" : [ 0 ],
					"labelfontsize" : [ 6 ],
					"labelwidth" : [ 171 ],
					"labelposition" : [ 87 ],
					"scalelines" : [ 3 ],
					"scalelabels" : [ 3 ],
					"hidescore" : [ 0 ],
					"hidelabels" : [ 0 ],
					"hidelines" : [ 0 ],
					"label_11" : [ 0 ],
					"label_10" : [ "Bad" ],
					"label_9" : [ 20 ],
					"label_8" : [ "Poor" ],
					"label_7" : [ 40 ],
					"label_6" : [ "Fair" ],
					"label_5" : [ "Very", "annoying" ],
					"label_4" : [ "Annoying" ],
					"label_3" : [ "Slightly", "annoying" ],
					"label_2" : [ "Perceptible", "\u002c", "but", "not", "annoying" ],
					"resolution" : [ 0 ],
					"channelnumber" : [ 1 ],
					"buttonnumber" : [ 0 ],
					"lab1" : [ 0 ],
					"lab2" : [ 0 ],
					"lab3" : [ 0 ],
					"lab4" : [ 0 ],
					"lab5" : [ 0 ],
					"lab6" : [ 1 ],
					"lab7" : [ 1 ],
					"lab8" : [ 1 ],
					"lab9" : [ 1 ],
					"lab10" : [ 1 ],
					"lab11" : [ 1 ],
					"inputtype" : [ 0 ],
					"loopsynchide" : [ 0 ],
					"loop" : [ 1 ],
					"sync" : [ 1 ],
					"mono" : [ 0 ],
					"repeatnumber" : [ 1 ],
					"refscoretype" : [ 0 ],
					"stimulirand" : [ 0 ],
					"trialrand" : [ 0 ],
					"instruct" : [ "Rate the difference between the reference and test sounds." ],
					"instructwidth" : [ 309 ],
					"slidermax" : [ 5.0 ],
					"slidermin" : [ 1.0 ],
					"sliderstart" : [ 5.0 ]
				}

			}
,
			"4" : 			{
				"id" : 4,
				"data" : 				{
					"testtype" : [ 1 ],
					"stimulinumber" : [ 1 ],
					"label_1" : [ "Greater" ],
					"trialnumber" : [ 12 ],
					"refswitch" : [ 1 ],
					"highswitch" : [ 0 ],
					"lowswitch" : [ 0 ],
					"refposition" : [ 50 ],
					"highposition" : [ 100 ],
					"lowposition" : [ 0 ],
					"labelfontsize" : [ 12 ],
					"labelwidth" : [ 171 ],
					"labelposition" : [ 87 ],
					"scalelines" : [ 1 ],
					"scalelabels" : [ 1 ],
					"hidescore" : [ 0 ],
					"hidelabels" : [ 0 ],
					"hidelines" : [ 0 ],
					"label_11" : [ 0 ],
					"label_10" : [ "Bad" ],
					"label_9" : [ 20 ],
					"label_8" : [ "Poor" ],
					"label_7" : [ 40 ],
					"label_6" : [ "Fair" ],
					"label_5" : [ 60 ],
					"label_4" : [ "Good" ],
					"label_3" : [ "Lesser" ],
					"label_2" : [ "Same" ],
					"resolution" : [ 3 ],
					"channelnumber" : [ 1 ],
					"buttonnumber" : [ 0 ],
					"lab1" : [ 0 ],
					"lab2" : [ 0 ],
					"lab3" : [ 0 ],
					"lab4" : [ 1 ],
					"lab5" : [ 1 ],
					"lab6" : [ 1 ],
					"lab7" : [ 1 ],
					"lab8" : [ 1 ],
					"lab9" : [ 1 ],
					"lab10" : [ 1 ],
					"lab11" : [ 1 ],
					"inputtype" : [ 0 ],
					"loopsynchide" : [ 0 ],
					"loop" : [ 1 ],
					"sync" : [ 1 ],
					"mono" : [ 0 ],
					"repeatnumber" : [ 1 ],
					"refscoretype" : [ 0 ],
					"stimulirand" : [ 0 ],
					"trialrand" : [ 0 ],
					"instruct" : [ "Rate the difference between the reference and test sounds." ],
					"instructwidth" : [ 309 ],
					"slidermax" : [ 50.0 ],
					"slidermin" : [ -50.0 ],
					"sliderstart" : [ 0.0 ]
				}

			}
,
			"5" : 			{
				"id" : 5,
				"data" : 				{
					"testtype" : [ 1 ],
					"stimulinumber" : [ 1 ],
					"label_1" : [ "Excellent" ],
					"trialnumber" : [ 12 ],
					"refswitch" : [ 0 ],
					"highswitch" : [ 0 ],
					"lowswitch" : [ 0 ],
					"refposition" : [ 50 ],
					"highposition" : [ 100 ],
					"lowposition" : [ 0 ],
					"labelfontsize" : [ 12 ],
					"labelwidth" : [ 171 ],
					"labelposition" : [ 87 ],
					"scalelines" : [ 3 ],
					"scalelabels" : [ 3 ],
					"hidescore" : [ 0 ],
					"hidelabels" : [ 0 ],
					"hidelines" : [ 0 ],
					"label_11" : [ 0 ],
					"label_10" : [ "Bad" ],
					"label_9" : [ 20 ],
					"label_8" : [ "Poor" ],
					"label_7" : [ 40 ],
					"label_6" : [ "Fair" ],
					"label_5" : [ "Bad" ],
					"label_4" : [ "Poor" ],
					"label_3" : [ "Fair" ],
					"label_2" : [ "Good" ],
					"resolution" : [ 3 ],
					"channelnumber" : [ 1 ],
					"buttonnumber" : [ 0 ],
					"lab1" : [ 0 ],
					"lab2" : [ 0 ],
					"lab3" : [ 0 ],
					"lab4" : [ 0 ],
					"lab5" : [ 0 ],
					"lab6" : [ 1 ],
					"lab7" : [ 1 ],
					"lab8" : [ 1 ],
					"lab9" : [ 1 ],
					"lab10" : [ 1 ],
					"lab11" : [ 1 ],
					"inputtype" : [ 0 ],
					"loopsynchide" : [ 0 ],
					"loop" : [ 1 ],
					"sync" : [ 1 ],
					"mono" : [ 0 ],
					"repeatnumber" : [ 1 ],
					"refscoretype" : [ 0 ],
					"stimulirand" : [ 0 ],
					"trialrand" : [ 0 ],
					"instruct" : [ "Rate the difference between the reference and test sounds." ],
					"instructwidth" : [ 309 ],
					"slidermax" : [ 5.0 ],
					"slidermin" : [ 1.0 ],
					"sliderstart" : [ 3.0 ]
				}

			}
,
			"6" : 			{
				"id" : 6,
				"data" : 				{
					"testtype" : [ 1 ],
					"stimulinumber" : [ 1 ],
					"label_1" : [ "Inaudible" ],
					"trialnumber" : [ 12 ],
					"refswitch" : [ 0 ],
					"highswitch" : [ 0 ],
					"lowswitch" : [ 0 ],
					"refposition" : [ 50 ],
					"highposition" : [ 100 ],
					"lowposition" : [ 0 ],
					"labelfontsize" : [ 7 ],
					"labelwidth" : [ 169 ],
					"labelposition" : [ 88 ],
					"scalelines" : [ 3 ],
					"scalelabels" : [ 3 ],
					"hidescore" : [ 0 ],
					"hidelabels" : [ 0 ],
					"hidelines" : [ 0 ],
					"label_11" : [ 0 ],
					"label_10" : [ "Bad" ],
					"label_9" : [ 20 ],
					"label_8" : [ "Poor" ],
					"label_7" : [ 40 ],
					"label_6" : [ "Fair" ],
					"label_5" : [ "Very", "Annoying" ],
					"label_4" : [ "Annoying" ],
					"label_3" : [ "Slightly", "Annoying" ],
					"label_2" : [ "Audible", "but", "not", "annoying" ],
					"resolution" : [ 3 ],
					"channelnumber" : [ 1 ],
					"buttonnumber" : [ 0 ],
					"lab1" : [ 0 ],
					"lab2" : [ 0 ],
					"lab3" : [ 0 ],
					"lab4" : [ 0 ],
					"lab5" : [ 0 ],
					"lab6" : [ 1 ],
					"lab7" : [ 1 ],
					"lab8" : [ 1 ],
					"lab9" : [ 1 ],
					"lab10" : [ 1 ],
					"lab11" : [ 1 ],
					"inputtype" : [ 0 ],
					"loopsynchide" : [ 0 ],
					"loop" : [ 1 ],
					"sync" : [ 1 ],
					"mono" : [ 0 ],
					"repeatnumber" : [ 1 ],
					"refscoretype" : [ 0 ],
					"stimulirand" : [ 0 ],
					"trialrand" : [ 0 ],
					"instruct" : [ "Rate the difference between the reference and test sounds." ],
					"instructwidth" : [ 309 ],
					"slidermax" : [ 5.0 ],
					"slidermin" : [ 1.0 ],
					"sliderstart" : [ 100.0 ]
				}

			}
,
			"7" : 			{
				"id" : 7,
				"data" : 				{
					"testtype" : [ 1 ],
					"stimulinumber" : [ 1 ],
					"label_1" : [ "Much", "better" ],
					"trialnumber" : [ 12 ],
					"refswitch" : [ 1 ],
					"highswitch" : [ 0 ],
					"lowswitch" : [ 0 ],
					"refposition" : [ 50 ],
					"highposition" : [ 100 ],
					"lowposition" : [ 0 ],
					"labelfontsize" : [ 7 ],
					"labelwidth" : [ 169 ],
					"labelposition" : [ 92 ],
					"scalelines" : [ 5 ],
					"scalelabels" : [ 5 ],
					"hidescore" : [ 0 ],
					"hidelabels" : [ 0 ],
					"hidelines" : [ 0 ],
					"label_11" : [ 0 ],
					"label_10" : [ "Bad" ],
					"label_9" : [ 20 ],
					"label_8" : [ "Poor" ],
					"label_7" : [ "Much", "worse" ],
					"label_6" : [ "Worse" ],
					"label_5" : [ "Slightly", "worse" ],
					"label_4" : [ "About", "the", "same" ],
					"label_3" : [ "Slightly", "better" ],
					"label_2" : [ "Better" ],
					"resolution" : [ 3 ],
					"channelnumber" : [ 1 ],
					"buttonnumber" : [ 0 ],
					"lab1" : [ 0 ],
					"lab2" : [ 0 ],
					"lab3" : [ 0 ],
					"lab4" : [ 0 ],
					"lab5" : [ 0 ],
					"lab6" : [ 0 ],
					"lab7" : [ 0 ],
					"lab8" : [ 1 ],
					"lab9" : [ 1 ],
					"lab10" : [ 1 ],
					"lab11" : [ 1 ],
					"inputtype" : [ 0 ],
					"loopsynchide" : [ 0 ],
					"loop" : [ 1 ],
					"sync" : [ 1 ],
					"mono" : [ 0 ],
					"repeatnumber" : [ 1 ],
					"refscoretype" : [ 0 ],
					"stimulirand" : [ 0 ],
					"trialrand" : [ 0 ],
					"instruct" : [ "Rate the difference between the reference and test sounds." ],
					"instructwidth" : [ 309 ],
					"slidermax" : [ 3.0 ],
					"slidermin" : [ -3.0 ],
					"sliderstart" : [ 0.0 ]
				}

			}
,
			"8" : 			{
				"id" : 8,
				"data" : 				{
					"testtype" : [ 1 ],
					"stimulinumber" : [ 1 ],
					"label_1" : [ "Like", "extremely" ],
					"trialnumber" : [ 12 ],
					"refswitch" : [ 0 ],
					"highswitch" : [ 0 ],
					"lowswitch" : [ 0 ],
					"refposition" : [ 50 ],
					"highposition" : [ 100 ],
					"lowposition" : [ 0 ],
					"labelfontsize" : [ 5 ],
					"labelwidth" : [ 199 ],
					"labelposition" : [ 59 ],
					"scalelines" : [ 7 ],
					"scalelabels" : [ 7 ],
					"hidescore" : [ 0 ],
					"hidelabels" : [ 0 ],
					"hidelines" : [ 0 ],
					"label_11" : [ 0 ],
					"label_10" : [ "Bad" ],
					"label_9" : [ "Dislike", "extremely" ],
					"label_8" : [ "Dislike", "very", "much" ],
					"label_7" : [ "Dislike", "moderately" ],
					"label_6" : [ "Dislike", "slightly" ],
					"label_5" : [ "Neither", "like", "nor", "dislike" ],
					"label_4" : [ "Like", "slightly" ],
					"label_3" : [ "Like", "moderately" ],
					"label_2" : [ "Like", "very", "much" ],
					"resolution" : [ 3 ],
					"channelnumber" : [ 1 ],
					"buttonnumber" : [ 0 ],
					"lab1" : [ 0 ],
					"lab2" : [ 0 ],
					"lab3" : [ 0 ],
					"lab4" : [ 0 ],
					"lab5" : [ 0 ],
					"lab6" : [ 0 ],
					"lab7" : [ 0 ],
					"lab8" : [ 0 ],
					"lab9" : [ 0 ],
					"lab10" : [ 1 ],
					"lab11" : [ 1 ],
					"inputtype" : [ 0 ],
					"loopsynchide" : [ 0 ],
					"loop" : [ 1 ],
					"sync" : [ 1 ],
					"mono" : [ 0 ],
					"repeatnumber" : [ 1 ],
					"refscoretype" : [ 0 ],
					"stimulirand" : [ 0 ],
					"trialrand" : [ 0 ],
					"instruct" : [ "Rate the difference between the reference and test sounds." ],
					"instructwidth" : [ 309 ],
					"slidermax" : [ 4.0 ],
					"slidermin" : [ -4.0 ],
					"sliderstart" : [ 0.0 ]
				}

			}
,
			"9" : 			{
				"id" : 9,
				"data" : 				{
					"testtype" : [ 1 ],
					"stimulinumber" : [ 1 ],
					"label_1" : [ "Imperceptible" ],
					"trialnumber" : [ 12 ],
					"refswitch" : [ 1 ],
					"highswitch" : [ 0 ],
					"lowswitch" : [ 0 ],
					"refposition" : [ 100 ],
					"highposition" : [ 100 ],
					"lowposition" : [ 0 ],
					"labelfontsize" : [ 5 ],
					"labelwidth" : [ 199 ],
					"labelposition" : [ 59 ],
					"scalelines" : [ 3 ],
					"scalelabels" : [ 3 ],
					"hidescore" : [ 0 ],
					"hidelabels" : [ 0 ],
					"hidelines" : [ 0 ],
					"label_11" : [ 0 ],
					"label_10" : [ "Bad" ],
					"label_9" : [ "Like", "extremely" ],
					"label_8" : [ "Like", "very", "much" ],
					"label_7" : [ "Like", "moderately" ],
					"label_6" : [ "Like", "slightly" ],
					"label_5" : [ "Very", "annoying" ],
					"label_4" : [ "Annoying" ],
					"label_3" : [ "Slightly", "annoying" ],
					"label_2" : [ "Perceptible", "but", "not", "annoying" ],
					"resolution" : [ 3 ],
					"channelnumber" : [ 1 ],
					"buttonnumber" : [ 0 ],
					"lab1" : [ 0 ],
					"lab2" : [ 0 ],
					"lab3" : [ 0 ],
					"lab4" : [ 0 ],
					"lab5" : [ 0 ],
					"lab6" : [ 1 ],
					"lab7" : [ 1 ],
					"lab8" : [ 1 ],
					"lab9" : [ 1 ],
					"lab10" : [ 1 ],
					"lab11" : [ 1 ],
					"inputtype" : [ 0 ],
					"loopsynchide" : [ 0 ],
					"loop" : [ 1 ],
					"sync" : [ 1 ],
					"mono" : [ 0 ],
					"repeatnumber" : [ 1 ],
					"refscoretype" : [ 0 ],
					"stimulirand" : [ 0 ],
					"trialrand" : [ 0 ],
					"instruct" : [ "Rate the difference between the reference and test sounds." ],
					"instructwidth" : [ 309 ],
					"slidermax" : [ 5.0 ],
					"slidermin" : [ 1.0 ],
					"sliderstart" : [ 100.0 ]
				}

			}
,
			"10" : 			{
				"id" : 10,
				"data" : 				{
					"testtype" : [ 1 ],
					"stimulinumber" : [ 1 ],
					"label_1" : [ "Better" ],
					"trialnumber" : [ 12 ],
					"refswitch" : [ 1 ],
					"highswitch" : [ 0 ],
					"lowswitch" : [ 0 ],
					"refposition" : [ 50 ],
					"highposition" : [ 100 ],
					"lowposition" : [ 0 ],
					"labelfontsize" : [ 12 ],
					"labelwidth" : [ 199 ],
					"labelposition" : [ 59 ],
					"scalelines" : [ 0 ],
					"scalelabels" : [ 0 ],
					"hidescore" : [ 0 ],
					"hidelabels" : [ 0 ],
					"hidelines" : [ 0 ],
					"label_11" : [ 0 ],
					"label_10" : [ "Bad" ],
					"label_9" : [ "Like", "extremely" ],
					"label_8" : [ "Like", "very", "much" ],
					"label_7" : [ "Like", "moderately" ],
					"label_6" : [ "Like", "slightly" ],
					"label_5" : [ "Neither", "like", "nor", "dislike" ],
					"label_4" : [ "Dislike", "slightly" ],
					"label_3" : [ "Dislike", "moderately" ],
					"label_2" : [ "Worse" ],
					"resolution" : [ 4 ],
					"channelnumber" : [ 1 ],
					"buttonnumber" : [ 0 ],
					"lab1" : [ 0 ],
					"lab2" : [ 0 ],
					"lab3" : [ 1 ],
					"lab4" : [ 1 ],
					"lab5" : [ 1 ],
					"lab6" : [ 1 ],
					"lab7" : [ 1 ],
					"lab8" : [ 1 ],
					"lab9" : [ 1 ],
					"lab10" : [ 1 ],
					"lab11" : [ 1 ],
					"inputtype" : [ 0 ],
					"loopsynchide" : [ 0 ],
					"loop" : [ 1 ],
					"sync" : [ 1 ],
					"mono" : [ 0 ],
					"repeatnumber" : [ 1 ],
					"refscoretype" : [ 1 ],
					"stimulirand" : [ 0 ],
					"trialrand" : [ 0 ],
					"instruct" : [ "Rate the difference between the reference and test sounds." ],
					"instructwidth" : [ 309 ],
					"slidermax" : [ 1.0 ],
					"slidermin" : [ -1 ],
					"sliderstart" : [ 0 ]
				}

			}

		}

	}

}
